{
  "build_number": 14129,
  "dwBuildNumber": 6231012,
  "dwEntityList": 30489832,
  "dwLocalPlayer": 29290280,
  "dwPlantedC4": 31681512,
  "dwViewMatrix": 31663056,
  "m_ArmorValue": 10060,
  "m_bIsDefusing": 10010,
  "m_flC4Blow": 4496,
  "m_flFlashOverlayAlpha": 5636,
  "m_flNextBeep": 4492,
  "m_flTimerLength": 4504,
  "m_hPlayerPawn": 2300,
  "m_iAccount": 64,
  "m_iHealth": 844,
  "m_iTeamNum": 1003,
  "m_pClippingWeapon": 15840,
  "m_pGameSceneNode": 816,
  "m_pInGameMoneyServices": 2040,
  "m_sSanitizedPlayerName": 2128,
  "m_szName": 1824,
  "m_vOldOrigin": 5536,
  "m_vecAbsOrigin": 208,
  "dwLocalPlayerController": 31579160,
  "m_hController": 5560,
  "m_iszPlayerName": 1768
}